class_id,num_nodes,mean_degree,median_degree,mean_nonzero_features
0,351,4.35042735042735,3.0,18.34188034188034
1,217,4.741935483870968,3.0,19.170506912442395
2,418,4.368421052631579,3.0,17.660287081339714
3,818,3.469437652811736,3.0,17.674816625916872
4,426,3.7370892018779345,3.0,18.335680751173708
5,298,3.6442953020134228,3.0,18.620805369127517
6,180,3.6555555555555554,3.0,18.988888888888887
